name,gt,pred
@551298.2154873858@4184598.2779720225@37.80733109@-122.41724396@.jpg,"(37.80733109, -122.41724396)","(37.807223, -122.417304)"
@551292.5344377332@4184647.7625181554@37.8077774@-122.41730499@.jpg,"(37.8077774, -122.41730499)","(37.807989, -122.417402)"
@551303.1097113979@4184567.409966962@37.80705261@-122.41719055@.jpg,"(37.80705261, -122.41719055)","(37.807083, -122.417197)"
@551303.7259405331@4184576.3023495455@37.80713272@-122.41718292@.jpg,"(37.80713272, -122.41718292)","(37.807107, -122.417178)"
@551308.5650998158@4184661.830502167@37.80790329@-122.41712189@.jpg,"(37.80790329, -122.41712189)","(37.807735, -122.419595)"
@551312.4908637585@4184570.854791857@37.80708313@-122.41708374@.jpg,"(37.80708313, -122.41708374)","(37.807084, -122.417124)"
@551339.988220204@4184361.937624097@37.80519867@-122.41678619@.jpg,"(37.80519867, -122.41678619)","(37.805209, -122.416837)"
@551428.564343522@4184589.7793590752@37.80724716@-122.41576385@.jpg,"(37.80724716, -122.41576385)","(37.807252, -122.415819)"
@551384.9469745883@4184368.567074984@37.80525589@-122.41627502@.jpg,"(37.80525589, -122.41627502)","(37.805276, -122.416291)"
@551345.400321204@4184355.6225988646@37.80514145@-122.41672516@.jpg,"(37.80514145, -122.41672516)","(37.805196, -122.416785)"
@551392.9666510117@4184482.4727976937@37.80628204@-122.41617584@.jpg,"(37.80628204, -122.41617584)","(37.806277, -122.415877)"
@551409.1508560693@4184471.99331479@37.80618668@-122.41599274@.jpg,"(37.80618668, -122.41599274)","(37.808538, -122.413344)"
@551413.0751338436@4184381.4403853733@37.80537033@-122.41595459@.jpg,"(37.80537033, -122.41595459)","(37.805307, -122.416049)"
@551421.858849875@4184373.0305819977@37.80529404@-122.41585541@.jpg,"(37.80529404, -122.41585541)","(37.805326, -122.415891)"
@551463.4700236236@4184700.044257163@37.80823898@-122.4153595@.jpg,"(37.80823898, -122.4153595)","(37.808275, -122.415391)"
@551495.6665091262@4184706.594525116@37.8082962@-122.41499329@.jpg,"(37.8082962, -122.41499329)","(37.808325, -122.414963)"
@551449.3811436946@4184590.333355433@37.80725098@-122.41552734@.jpg,"(37.80725098, -122.41552734)","(37.80724, -122.415546)"
@551464.1731685244@4184372.871297648@37.80529022@-122.41537476@.jpg,"(37.80529022, -122.41537476)","(37.805391, -122.415386)"
@551477.5640525491@4184594.318703861@37.80728531@-122.41520691@.jpg,"(37.80728531, -122.41520691)","(37.807317, -122.415243)"
@551482.9663975227@4184589.6968681375@37.80724335@-122.41514587@.jpg,"(37.80724335, -122.41514587)","(37.807336, -122.415106)"
@551487.6103250723@4184706.121366901@37.80829239@-122.41508484@.jpg,"(37.80829239, -122.41508484)","(37.808317, -122.415052)"
@551484.3170824255@4184373.843899831@37.80529785@-122.41514587@.jpg,"(37.80529785, -122.41514587)","(37.805407, -122.415242)"
@551552.4213370706@4182400.627633248@37.78750992@-122.41451263@.jpg,"(37.78750992, -122.41451263)","(37.787508, -122.414684)"
@551509.8151701228@4184699.4877151623@37.80823135@-122.41483307@.jpg,"(37.80823135, -122.41483307)","(37.808356, -122.414772)"
@551532.6138765792@4184598.049653885@37.80731583@-122.4145813@.jpg,"(37.80731583, -122.4145813)","(37.80739, -122.414686)"
@551533.5722605891@4182299.3518885057@37.78659821@-122.41473389@.jpg,"(37.78659821, -122.41473389)","(37.786524, -122.41471)"
@551506.4424324306@4184594.49944426@37.80728531@-122.41487885@.jpg,"(37.80728531, -122.41487885)","(37.807359, -122.414964)"
@551544.6788580515@4184601.9342924487@37.80735016@-122.41444397@.jpg,"(37.80735016, -122.41444397)","(37.807408, -122.414526)"
@551534.452335442@4182373.426862409@37.78726578@-122.41471863@.jpg,"(37.78726578, -122.41471863)","(37.787477, -122.414905)"
@551554.7686581307@4184599.457769416@37.80732727@-122.41432953@.jpg,"(37.80732727, -122.41432953)","(37.807431, -122.414382)"
@551576.9014034348@4184390.084935638@37.805439@-122.41409302@.jpg,"(37.805439, -122.41409302)","(37.805534, -122.414225)"
@551568.6389494175@4182385.491901421@37.78737259@-122.41432953@.jpg,"(37.78737259, -122.41432953)","(37.786802, -122.412519)"
@551585.6056815305@4184394.371297636@37.80547714@-122.41399384@.jpg,"(37.80547714, -122.41399384)","(37.805564, -122.414)"
@551595.4088767212@4182294.6596924206@37.78655243@-122.41403198@.jpg,"(37.78655243, -122.41403198)","(37.79282, -122.403114)"
@551652.0078541607@4184408.75591247@37.80560303@-122.41323853@.jpg,"(37.80560303, -122.41323853)","(37.805658, -122.413242)"
@551604.1684380347@4182290.48169956@37.78651428@-122.4139328@.jpg,"(37.78651428, -122.4139328)","(37.793628, -122.407815)"
@551624.8269321058@4182424.3605592144@37.78771973@-122.41368866@.jpg,"(37.78771973, -122.41368866)","(37.787636, -122.413662)"
@551674.1737644505@4184408.4712490398@37.80559921@-122.41298676@.jpg,"(37.80559921, -122.41298676)","(37.792315, -122.421535)"
@551641.9602972717@4184404.459938547@37.80556488@-122.41335297@.jpg,"(37.80556488, -122.41335297)","(37.805653, -122.413286)"
@551682.8948000282@4184410.219187357@37.80561447@-122.41288757@.jpg,"(37.80561447, -122.41288757)","(37.805719, -122.412802)"
@551617.5592454837@4182297.7609972586@37.78657913@-122.41378021@.jpg,"(37.78657913, -122.41378021)","(37.786669, -122.413595)"
@551690.7357236567@4182305.8392883954@37.7866478@-122.41294861@.jpg,"(37.7866478, -122.41294861)","(37.786738, -122.41306)"
@551666.4424038556@4182323.039993765@37.7868042@-122.41322327@.jpg,"(37.7868042, -122.41322327)","(37.786703, -122.413331)"
@551685.298473142@4182208.879176815@37.78577423@-122.41301727@.jpg,"(37.78577423, -122.41301727)","(37.785878, -122.412996)"
@551714.2714986015@4182409.260754311@37.78757858@-122.41267395@.jpg,"(37.78757858, -122.41267395)","(37.787756, -122.41273)"
@551722.39155773@4184644.5287503377@37.807724@-122.41242218@.jpg,"(37.807724, -122.41242218)","(37.807615, -122.412368)"
@551699.6501385188@4184415.8266743063@37.80566406@-122.41269684@.jpg,"(37.80566406, -122.41269684)","(37.805757, -122.412674)"
@551741.0897441006@4182417.895033484@37.78765488@-122.41236877@.jpg,"(37.78765488, -122.41236877)","(37.787808, -122.412331)"
@551740.5810034211@4184422.0100342026@37.80571747@-122.41223145@_1.jpg,"(37.80571747, -122.41223145)","(37.805827, -122.411854)"
@551745.7289906496@4182320.998184104@37.78678131@-122.412323@.jpg,"(37.78678131, -122.412323)","(37.786825, -122.412341)"
@551765.8690494469@4182323.2406775155@37.78680038@-122.41209412@.jpg,"(37.78680038, -122.41209412)","(37.786865, -122.41203)"
@551759.103661099@4182330.8173486986@37.78686905@-122.41217041@.jpg,"(37.78686905, -122.41217041)","(37.786944, -122.411406)"
@551797.5074885085@4182419.9429417313@37.78767014@-122.41172791@.jpg,"(37.78767014, -122.41172791)","(37.78785, -122.411702)"
@551748.9324027254@4182238.906888421@37.78604126@-122.41229248@.jpg,"(37.78604126, -122.41229248)","(37.785908, -122.412271)"
@551795.8408162501@4182257.825458092@37.78620911@-122.41175842@.jpg,"(37.78620911, -122.41175842)","(37.785982, -122.411692)"
@551786.0455589143@4182426.64235666@37.78773117@-122.4118576@.jpg,"(37.78773117, -122.4118576)","(37.78788, -122.411755)"
@551778.580912689@4182438.44639644@37.78783798@-122.41194153@.jpg,"(37.78783798, -122.41194153)","(37.787837, -122.412108)"
@551729.206141852@4184415.165863014@37.80565643@-122.41236115@.jpg,"(37.80565643, -122.41236115)","(37.805767, -122.412396)"
@551740.5810034211@4184422.0100342026@37.80571747@-122.41223145@.jpg,"(37.80571747, -122.41223145)","(37.805746, -122.411959)"
@551810.1636562262@4183291.082539168@37.79552078@-122.41152191@.jpg,"(37.79552078, -122.41152191)","(37.795417, -122.411465)"
@551806.779233217@4182334.503513802@37.78689957@-122.41162872@.jpg,"(37.78689957, -122.41162872)","(37.786918, -122.411631)"
@551805.456019845@4183291.8994870675@37.79552841@-122.41157532@.jpg,"(37.79552841, -122.41157532)","(37.795432, -122.41142)"
@551814.2066450303@4183288.99209515@37.79550171@-122.41147614@.jpg,"(37.79550171, -122.41147614)","(37.795423, -122.411419)"
@551828.8601540982@4182348.6093634237@37.78702545@-122.41137695@.jpg,"(37.78702545, -122.41137695)","(37.78701, -122.411198)"
@551830.6594263111@4182276.2443397637@37.78637314@-122.41136169@.jpg,"(37.78637314, -122.41136169)","(37.786032, -122.41129)"
@551849.0822217355@4183191.016245115@37.7946167@-122.41108704@.jpg,"(37.7946167, -122.41108704)","(37.794541, -122.411199)"
@551849.7913166824@4183185.09465486@37.79456329@-122.41107941@.jpg,"(37.79456329, -122.41107941)","(37.794541, -122.411199)"
@551859.8979092357@4182433.8798472416@37.78779221@-122.41101837@.jpg,"(37.78779221, -122.41101837)","(37.787988, -122.411)"
@551861.263555319@4183283.362402887@37.7954483@-122.41094208@.jpg,"(37.7954483, -122.41094208)","(37.795481, -122.410982)"
@551857.9335762548@4183492.007266439@37.79732895@-122.41096497@.jpg,"(37.79732895, -122.41096497)","(37.797273, -122.411096)"
@551817.5570411795@4182329.914602309@37.7868576@-122.41150665@.jpg,"(37.7868576, -122.41150665)","(37.786954, -122.411316)"
@551867.8949769775@4182444.0880584107@37.78788376@-122.41092682@.jpg,"(37.78788376, -122.41092682)","(37.788011, -122.410822)"
@551865.8688942416@4182339.107319804@37.78693771@-122.41095734@.jpg,"(37.78693771, -122.41095734)","(37.787044, -122.410848)"
@551878.4702177513@4182365.005692401@37.78717041@-122.41081238@.jpg,"(37.78717041, -122.41081238)","(37.78708, -122.410352)"
@551893.958868097@4182359.177252353@37.787117@-122.4106369@.jpg,"(37.787117, -122.4106369)","(37.787066, -122.410577)"
@551879.1687228009@4182360.777201049@37.78713226@-122.41080475@.jpg,"(37.78713226, -122.41080475)","(37.787041, -122.410657)"
@551880.0665904713@4183284.3274797103@37.79545593@-122.41072845@.jpg,"(37.79545593, -122.41072845)","(37.796751, -122.423255)"
@551880.8640900616@4184649.3356206296@37.80775833@-122.41062164@.jpg,"(37.80775833, -122.41062164)","(37.807876, -122.41069)"
@551911.5492819495@4183511.3916559196@37.79750061@-122.41035461@.jpg,"(37.79750061, -122.41035461)","(37.79743, -122.410398)"
@551904.6486331405@4182368.5570009286@37.78720093@-122.41051483@.jpg,"(37.78720093, -122.41051483)","(37.78711, -122.410075)"
@551895.0668049628@4184527.103602328@37.80665588@-122.41046906@.jpg,"(37.80665588, -122.41046906)","(37.806932, -122.410508)"
@551916.3503998427@4183389.100556543@37.79639816@-122.41030884@.jpg,"(37.79639816, -122.41030884)","(37.796507, -122.410205)"
@552045.7738308726@4182680.1180020184@37.79000092@-122.40888977@_1.jpg,"(37.79000092, -122.40888977)","(37.79011, -122.409179)"
@551919.3640399324@4182378.8076180653@37.78729248@-122.41034698@.jpg,"(37.78729248, -122.41034698)","(37.787077, -122.410396)"
@551923.5143968478@4182679.345979054@37.79000092@-122.41027832@.jpg,"(37.79000092, -122.41027832)","(37.792624, -122.426169)"
@551919.6728187472@4183288.3862739275@37.79549026@-122.41027832@.jpg,"(37.79549026, -122.41027832)","(37.795569, -122.410312)"
@551919.0347278729@4183389.5413338924@37.79640198@-122.41027832@.jpg,"(37.79640198, -122.41027832)","(37.796498, -122.410292)"
@551920.1836875129@4182461.7708413173@37.78804016@-122.41033173@.jpg,"(37.78804016, -122.41033173)","(37.787984, -122.410059)"
@551923.5143968478@4182679.345979054@37.79000092@-122.41027832@_2.jpg,"(37.79000092, -122.41027832)","(37.789959, -122.410381)"
@551923.5143968478@4182679.345979054@37.79000092@-122.41027832@_4.jpg,"(37.79000092, -122.41027832)","(37.789957, -122.410345)"
@551923.5143968478@4182679.345979054@37.79000092@-122.41027832@_1.jpg,"(37.79000092, -122.41027832)","(37.789917, -122.410452)"
@551923.5143968478@4182679.345979054@37.79000092@-122.41027832@_3.jpg,"(37.79000092, -122.41027832)","(37.789987, -122.410476)"
@551923.5143968478@4182679.345979054@37.79000092@-122.41027832@_6.jpg,"(37.79000092, -122.41027832)","(37.790008, -122.409979)"
@551923.5143968478@4182679.345979054@37.79000092@-122.41027832@_8.jpg,"(37.79000092, -122.41027832)","(37.78998, -122.410201)"
@551923.5143968478@4182679.345979054@37.79000092@-122.41027832@_5.jpg,"(37.79000092, -122.41027832)","(37.789986, -122.410156)"
@551924.2938737045@4182555.7592441565@37.78888702@-122.41027832@_1.jpg,"(37.78888702, -122.41027832)","(37.788949, -122.410282)"
@551924.2938737045@4182555.7592441565@37.78888702@-122.41027832@.jpg,"(37.78888702, -122.41027832)","(37.793232, -122.414461)"
@551924.2938737045@4182555.7592441565@37.78888702@-122.41027832@_2.jpg,"(37.78888702, -122.41027832)","(37.789163, -122.410325)"
@551924.2938737045@4182555.7592441565@37.78888702@-122.41027832@_4.jpg,"(37.78888702, -122.41027832)","(37.78901, -122.410308)"
@551923.5143968478@4182679.345979054@37.79000092@-122.41027832@_7.jpg,"(37.79000092, -122.41027832)","(37.790014, -122.409757)"
@551924.2938737045@4182555.7592441565@37.78888702@-122.41027832@_3.jpg,"(37.78888702, -122.41027832)","(37.789027, -122.410174)"
@551924.2938737045@4182555.7592441565@37.78888702@-122.41027832@_5.jpg,"(37.78888702, -122.41027832)","(37.788634, -122.410214)"
@551924.486063262@4182525.286946131@37.78861237@-122.41027832@.jpg,"(37.78861237, -122.41027832)","(37.788634, -122.410214)"
@551924.2938737045@4182555.7592441565@37.78888702@-122.41027832@_7.jpg,"(37.78888702, -122.41027832)","(37.789003, -122.410354)"
@551924.2938737045@4182555.7592441565@37.78888702@-122.41027832@_6.jpg,"(37.78888702, -122.41027832)","(37.788997, -122.410396)"
@551924.6809316847@4182494.3897127076@37.78833389@-122.41027832@.jpg,"(37.78833389, -122.41027832)","(37.788319, -122.410152)"
@551928.352382129@4182444.891894624@37.78788757@-122.41024017@.jpg,"(37.78788757, -122.41024017)","(37.785119, -122.422036)"
@551947.6977358003@4182679.498543805@37.79000092@-122.41000366@_1.jpg,"(37.79000092, -122.41000366)","(37.790027, -122.409623)"
@551947.6977358003@4182679.498543805@37.79000092@-122.41000366@.jpg,"(37.79000092, -122.41000366)","(37.789991, -122.410112)"
@551949.0597649567@4182463.6461523017@37.78805542@-122.41000366@.jpg,"(37.78805542, -122.41000366)","(37.788198, -122.410104)"
@551948.4775757301@4182555.911807373@37.78888702@-122.41000366@.jpg,"(37.78888702, -122.41000366)","(37.789079, -122.40977)"
@551949.0597649567@4182463.6461523017@37.78805542@-122.41000366@_2.jpg,"(37.78805542, -122.41000366)","(37.788158, -122.409662)"
@551957.0727211232@4182471.3148166733@37.78812408@-122.40991211@.jpg,"(37.78812408, -122.40991211)","(37.788136, -122.409838)"
@551956.3821940471@4182474.2740395325@37.78815079@-122.40991974@.jpg,"(37.78815079, -122.40991974)","(37.788055, -122.410074)"
@551960.4464920462@4182362.5601697215@37.78714371@-122.40988159@.jpg,"(37.78714371, -122.40988159)","(37.787204, -122.409325)"
@551963.3026015495@4183399.978550592@37.79649353@-122.40977478@.jpg,"(37.79649353, -122.40977478)","(37.796545, -122.409785)"
@551964.5568741945@4183307.7170174937@37.79566193@-122.40976715@.jpg,"(37.79566193, -122.40976715)","(37.795618, -122.409826)"
@551949.0597649567@4182463.6461523017@37.78805542@-122.41000366@_1.jpg,"(37.78805542, -122.41000366)","(37.788136, -122.409838)"
@551972.7479420211@4182648.758179386@37.78972244@-122.40972137@.jpg,"(37.78972244, -122.40972137)","(37.79006, -122.409576)"
@551948.4775757301@4182555.911807373@37.78888702@-122.41000366@_1.jpg,"(37.78888702, -122.41000366)","(37.788986, -122.410289)"
@551973.333096488@4182556.068682799@37.78888702@-122.40972137@.jpg,"(37.78888702, -122.40972137)","(37.787368, -122.411608)"
@551972.552883399@4182679.655420808@37.79000092@-122.40972137@.jpg,"(37.79000092, -122.40972137)","(37.790077, -122.409444)"
@551973.333096488@4182556.068682799@37.78888702@-122.40972137@_1.jpg,"(37.78888702, -122.40972137)","(37.789102, -122.409591)"
@551973.9155642965@4182463.803026549@37.78805542@-122.40972137@_1.jpg,"(37.78805542, -122.40972137)","(37.788091, -122.410081)"
@551965.802894794@4182471.793760335@37.7881279@-122.40981293@.jpg,"(37.7881279, -122.40981293)","(37.788117, -122.409971)"
@551982.0199506837@4183201.589834112@37.79470444@-122.40957642@.jpg,"(37.79470444, -122.40957642)","(37.794735, -122.409738)"
@551973.9155642965@4182463.803026549@37.78805542@-122.40972137@.jpg,"(37.78805542, -122.40972137)","(37.787736, -122.410009)"
@551973.9155642965@4182463.803026549@37.78805542@-122.40972137@_3.jpg,"(37.78805542, -122.40972137)","(37.78817, -122.409572)"
@551977.397769442@4183401.7607128103@37.79650879@-122.40961456@.jpg,"(37.79650879, -122.40961456)","(37.796597, -122.409629)"
@551973.9155642965@4182463.803026549@37.78805542@-122.40972137@_2.jpg,"(37.78805542, -122.40972137)","(37.788198, -122.410104)"
@551972.3605062568@4182710.1277267267@37.79027557@-122.40972137@.jpg,"(37.79027557, -122.40972137)","(37.79002, -122.40989)"
@551965.8737164907@4182354.1286360607@37.78706741@-122.40982056@.jpg,"(37.78706741, -122.40982056)","(37.787167, -122.409635)"
@551982.6783541196@4183203.7098869924@37.79472351@-122.40956879@.jpg,"(37.79472351, -122.40956879)","(37.794753, -122.40962)"
@551984.7754388251@4183403.500467954@37.79652405@-122.40953064@.jpg,"(37.79652405, -122.40953064)","(37.796552, -122.409697)"
@551996.735342476@4182679.8081240663@37.79000092@-122.40944672@.jpg,"(37.79000092, -122.40944672)","(37.790054, -122.409398)"
@551973.333096488@4182556.068682799@37.78888702@-122.40972137@_2.jpg,"(37.78888702, -122.40972137)","(37.786054, -122.413031)"
@551996.735342476@4182679.8081240663@37.79000092@-122.40944672@_1.jpg,"(37.79000092, -122.40944672)","(37.790094, -122.40931)"
@551997.515918625@4182556.2213845197@37.78888702@-122.40944672@.jpg,"(37.78888702, -122.40944672)","(37.789142, -122.40928)"
@551997.515918625@4182556.2213845197@37.78888702@-122.40944672@_1.jpg,"(37.78888702, -122.40944672)","(37.789096, -122.409637)"
@551996.735342476@4182679.8081240663@37.79000092@-122.40944672@_2.jpg,"(37.79000092, -122.40944672)","(37.790066, -122.409532)"
@551996.5428758143@4182710.280430362@37.79027557@-122.40944672@.jpg,"(37.79027557, -122.40944672)","(37.790156, -122.408922)"
@551998.0986574759@4182463.955727123@37.78805542@-122.40944672@_2.jpg,"(37.78805542, -122.40944672)","(37.788193, -122.409393)"
@551998.0986574759@4182463.955727123@37.78805542@-122.40944672@_3.jpg,"(37.78805542, -122.40944672)","(37.78817, -122.409572)"
@552002.1180788751@4182359.4369512415@37.78711319@-122.40940857@.jpg,"(37.78711319, -122.40940857)","(37.787222, -122.409192)"
@551998.0986574759@4182463.955727123@37.78805542@-122.40944672@.jpg,"(37.78805542, -122.40944672)","(37.788187, -122.409438)"
@551998.0986574759@4182463.955727123@37.78805542@-122.40944672@_1.jpg,"(37.78805542, -122.40944672)","(37.788216, -122.409215)"
@552018.888341114@4182257.114633241@37.78619003@-122.40922546@.jpg,"(37.78619003, -122.40922546)","(37.785824, -122.409623)"
@551999.6267547639@4182434.7611814365@37.78779221@-122.40943146@.jpg,"(37.78779221, -122.40943146)","(37.788176, -122.409527)"
@552007.3464771161@4182488.9865535614@37.78828049@-122.4093399@.jpg,"(37.78828049, -122.4093399)","(37.79182, -122.422737)"
@552021.5904907011@4182679.965149136@37.79000092@-122.40916443@.jpg,"(37.79000092, -122.40916443)","(37.790156, -122.408922)"
@552028.3876507345@4183517.631654905@37.7975502@-122.4090271@.jpg,"(37.7975502, -122.4090271)","(37.797605, -122.40892)"
@552021.613476507@4182463.6815414065@37.78805161@-122.40917969@.jpg,"(37.78805161, -122.40917969)","(37.790713, -122.40443)"
@552022.3714400096@4182556.3784080115@37.78888702@-122.40916443@.jpg,"(37.78888702, -122.40916443)","(37.78916, -122.409144)"
@552022.9544574424@4182464.1127494345@37.78805542@-122.40916443@.jpg,"(37.78805542, -122.40916443)","(37.78821, -122.409259)"
@552022.9544574424@4182464.1127494345@37.78805542@-122.40916443@_1.jpg,"(37.78805542, -122.40916443)","(37.788216, -122.409215)"
@552026.2967892402@4183210.7581124366@37.79478455@-122.40907288@.jpg,"(37.79478455, -122.40907288)","(37.794807, -122.409155)"
@552044.3613502556@4183328.5369508136@37.79584503@-122.40885925@.jpg,"(37.79584503, -122.40885925)","(37.795731, -122.408944)"
@552019.5601839785@4182257.118877921@37.78619003@-122.40921783@.jpg,"(37.78619003, -122.40921783)","(37.786215, -122.409702)"
@552045.5811826779@4182710.5903090844@37.79027557@-122.40888977@.jpg,"(37.79027557, -122.40888977)","(37.790088, -122.408829)"
@552045.7738308726@4182680.1180020184@37.79000092@-122.40888977@.jpg,"(37.79000092, -122.40888977)","(37.790015, -122.408816)"
@552045.7738308726@4182680.1180020184@37.79000092@-122.40888977@_4.jpg,"(37.79000092, -122.40888977)","(37.790184, -122.408698)"
@552046.5551432543@4182556.5312593556@37.78888702@-122.40888977@.jpg,"(37.78888702, -122.40888977)","(37.792329, -122.406831)"
@552045.7738308726@4182680.1180020184@37.79000092@-122.40888977@_3.jpg,"(37.79000092, -122.40888977)","(37.790214, -122.408426)"
@552045.7738308726@4182680.1180020184@37.79000092@-122.40888977@_2.jpg,"(37.79000092, -122.40888977)","(37.790189, -122.408653)"
@552049.0891988396@4182261.961123405@37.78623199@-122.40888214@.jpg,"(37.78623199, -122.40888214)","(37.786316, -122.408888)"
@552046.5551432543@4182556.5312593556@37.78888702@-122.40888977@_1.jpg,"(37.78888702, -122.40888977)","(37.789201, -122.408833)"
@552046.5551432543@4182556.5312593556@37.78888702@-122.40888977@_2.jpg,"(37.78888702, -122.40888977)","(37.789319, -122.408672)"
@552050.2859646119@4182391.4852583813@37.78739929@-122.40885925@.jpg,"(37.78739929, -122.40885925)","(37.787244, -122.409016)"
@552063.7202422257@4183241.4682939583@37.7950592@-122.40864563@.jpg,"(37.7950592, -122.40864563)","(37.794871, -122.408651)"
@552046.9431126849@4182495.1617240505@37.78833389@-122.40888977@.jpg,"(37.78833389, -122.40888977)","(37.788277, -122.408727)"
@552051.7602734268@4183539.3655769606@37.79774475@-122.40876007@.jpg,"(37.79774475, -122.40876007)","(37.79764, -122.408752)"
@552066.0000690036@4183412.055851352@37.79659653@-122.40860748@.jpg,"(37.79659653, -122.40860748)","(37.796719, -122.408561)"
@552067.9097452249@4182472.8616180187@37.78813171@-122.40865326@.jpg,"(37.78813171, -122.40865326)","(37.788233, -122.408433)"
@552069.957171345@4182680.270925949@37.79000092@-122.40861511@.jpg,"(37.79000092, -122.40861511)","(37.790214, -122.408426)"
@552069.7644336272@4182710.743233392@37.79027557@-122.40861511@_1.jpg,"(37.79027557, -122.40861511)","(37.790245, -122.408155)"
@552070.3480115407@4182618.4775509504@37.78944397@-122.40861511@.jpg,"(37.78944397, -122.40861511)","(37.789267, -122.408299)"
@552070.5434262787@4182587.581420373@37.7891655@-122.40861511@.jpg,"(37.7891655, -122.40861511)","(37.789234, -122.408565)"
@552070.3480115407@4182618.4775509504@37.78944397@-122.40861511@_2.jpg,"(37.78944397, -122.40861511)","(37.789146, -122.408624)"
@552069.7644336272@4182710.743233392@37.79027557@-122.40861511@.jpg,"(37.79027557, -122.40861511)","(37.790219, -122.408381)"
@552070.5434262787@4182587.581420373@37.7891655@-122.40861511@_2.jpg,"(37.7891655, -122.40861511)","(37.789319, -122.408672)"
@552069.5690069523@4182741.64047924@37.79055405@-122.40861511@.jpg,"(37.79055405, -122.40861511)","(37.790189, -122.408653)"
@552070.3480115407@4182618.4775509504@37.78944397@-122.40861511@_1.jpg,"(37.78944397, -122.40861511)","(37.789239, -122.40852)"
@552070.5434262787@4182587.581420373@37.7891655@-122.40861511@_1.jpg,"(37.7891655, -122.40861511)","(37.787089, -122.410253)"
@552071.1269965188@4182495.3146456773@37.78833389@-122.40861511@.jpg,"(37.78833389, -122.40861511)","(37.788168, -122.408436)"
@552070.7388468@4182556.6841817475@37.78888702@-122.40861511@.jpg,"(37.78888702, -122.40861511)","(37.788715, -122.408529)"
@552071.1269965188@4182495.3146456773@37.78833389@-122.40861511@_1.jpg,"(37.78833389, -122.40861511)","(37.788268, -122.408441)"
@552070.0483495058@4182453.4060454667@37.78795624@-122.40863037@.jpg,"(37.78795624, -122.40863037)","(37.788271, -122.408771)"
@552094.8123205043@4182680.4281721087@37.79000092@-122.40833282@_1.jpg,"(37.79000092, -122.40833282)","(37.790256, -122.408066)"
@552091.3717900686@4183330.104767135@37.79585648@-122.4083252@.jpg,"(37.79585648, -122.4083252)","(37.795819, -122.40828)"
@552094.8123205043@4182680.4281721087@37.79000092@-122.40833282@.jpg,"(37.79000092, -122.40833282)","(37.790267, -122.407977)"
@552095.9827041342@4182495.4718894707@37.78833389@-122.40833282@.jpg,"(37.78833389, -122.40833282)","(37.788233, -122.408433)"
@552095.3988553069@4182587.7386653465@37.7891655@-122.40833282@_1.jpg,"(37.7891655, -122.40833282)","(37.789278, -122.408211)"
@552095.3988553069@4182587.7386653465@37.7891655@-122.40833282@.jpg,"(37.7891655, -122.40833282)","(37.789234, -122.408565)"
@552095.9827041342@4182495.4718894707@37.78833389@-122.40833282@_2.jpg,"(37.78833389, -122.40833282)","(37.78844, -122.408482)"
@552095.9827041342@4182495.4718894707@37.78833389@-122.40833282@_1.jpg,"(37.78833389, -122.40833282)","(37.78844, -122.408482)"
@552095.9827041342@4182495.4718894707@37.78833389@-122.40833282@_3.jpg,"(37.78833389, -122.40833282)","(37.78826, -122.408859)"
@552095.9827041342@4182495.4718894707@37.78833389@-122.40833282@_4.jpg,"(37.78833389, -122.40833282)","(37.787305, -122.40856)"
@552096.1782072382@4182464.575764272@37.78805542@-122.40833282@_1.jpg,"(37.78805542, -122.40833282)","(37.788339, -122.408375)"
@552107.419416056@4182386.7682906464@37.78735352@-122.40821075@.jpg,"(37.78735352, -122.40821075)","(37.787329, -122.40835)"
@552102.8496987276@4183320.8650358883@37.79577255@-122.4081955@.jpg,"(37.79577255, -122.4081955)","(37.795824, -122.408235)"
@552104.046957334@4183556.2030876493@37.79789352@-122.40816498@.jpg,"(37.79789352, -122.40816498)","(37.797718, -122.407804)"
@552110.7884135051@4182385.096455571@37.78733826@-122.40817261@.jpg,"(37.78733826, -122.40817261)","(37.794752, -122.402747)"
@552096.1782072382@4182464.575764272@37.78805542@-122.40833282@.jpg,"(37.78805542, -122.40833282)","(37.792845, -122.402758)"
@552118.8018618575@4182711.0535427444@37.79027557@-122.40805817@.jpg,"(37.79027557, -122.40805817)","(37.790272, -122.407933)"
@552110.8601770037@4182479.905995019@37.78819275@-122.40816498@.jpg,"(37.78819275, -122.40816498)","(37.788349, -122.408285)"
@552095.203347281@4182618.6347963195@37.78944397@-122.40833282@.jpg,"(37.78944397, -122.40833282)","(37.790219, -122.408381)"
@552115.4114704963@4182291.5859590983@37.78649521@-122.40812683@.jpg,"(37.78649521, -122.40812683)","(37.786448, -122.407815)"
@552116.3017771402@4183424.22522951@37.79670334@-122.40803528@.jpg,"(37.79670334, -122.40803528)","(37.796745, -122.408071)"
@552118.8018618575@4182711.0535427444@37.79027557@-122.40805817@_1.jpg,"(37.79027557, -122.40805817)","(37.790261, -122.408021)"
@552118.0097847612@4182411.8066300615@37.78757858@-122.40808868@.jpg,"(37.78757858, -122.40808868)","(37.787381, -122.408029)"
@552119.3859894129@4182618.7878579726@37.78944397@-122.40805817@.jpg,"(37.78944397, -122.40805817)","(37.794056, -122.396528)"
@552119.3859894129@4182618.7878579726@37.78944397@-122.40805817@_1.jpg,"(37.78944397, -122.40805817)","(37.793902, -122.396483)"
@552118.8018618575@4182711.0535427444@37.79027557@-122.40805817@_2.jpg,"(37.79027557, -122.40805817)","(37.790278, -122.407889)"
@552120.1657080767@4182495.624949588@37.78833389@-122.40805817@.jpg,"(37.78833389, -122.40805817)","(37.785833, -122.411298)"
@552121.4323593323@4182401.6704579173@37.78748703@-122.40805054@.jpg,"(37.78748703, -122.40805054)","(37.787366, -122.408085)"
@552123.4558884044@4182400.413954712@37.78747559@-122.40802765@.jpg,"(37.78747559, -122.40802765)","(37.78844, -122.408482)"
@552124.3165197878@4183219.4202129883@37.79485703@-122.40795898@.jpg,"(37.79485703, -122.40795898)","(37.794928, -122.40808)"
@552127.704680437@4182259.919847409@37.78620911@-122.4079895@.jpg,"(37.78620911, -122.4079895)","(37.786366, -122.408053)"
@552122.9756748477@4183218.98787711@37.79485321@-122.40797424@.jpg,"(37.79485321, -122.40797424)","(37.794958, -122.407986)"
@552143.6569196348@4182711.2109373617@37.79027557@-122.40777588@.jpg,"(37.79027557, -122.40777588)","(37.790315, -122.40758)"
@552133.1214229232@4182253.1815126147@37.78614807@-122.40792847@.jpg,"(37.78614807, -122.40792847)","(37.78633, -122.408046)"
@552144.2413257811@4182618.9452514076@37.78944397@-122.40777588@.jpg,"(37.78944397, -122.40777588)","(37.789355, -122.407585)"
@552119.6471171472@4183426.36230949@37.79672241@-122.40799713@.jpg,"(37.79672241, -122.40799713)","(37.796749, -122.408048)"
@552144.2413257811@4182618.9452514076@37.78944397@-122.40777588@_1.jpg,"(37.78944397, -122.40777588)","(37.794323, -122.405866)"
@552151.7514680363@4182387.8955639764@37.78736115@-122.40770721@.jpg,"(37.78736115, -122.40770721)","(37.787438, -122.40755)"
@552145.2171034707@4182464.886215465@37.78805542@-122.40777588@.jpg,"(37.78805542, -122.40777588)","(37.788387, -122.407926)"
@552148.3673782898@4183346.1257564314@37.79599762@-122.4076767@.jpg,"(37.79599762, -122.4076767)","(37.795903, -122.407618)"
@552154.4574601705@4183233.155314663@37.7949791@-122.40761566@.jpg,"(37.7949791, -122.40761566)","(37.794994, -122.407647)"
@552163.2152046468@4182487.009069251@37.78825378@-122.40756989@.jpg,"(37.78825378, -122.40756989)","(37.788396, -122.407837)"
@552167.0569992402@4182834.95092914@37.79138947@-122.40750122@.jpg,"(37.79138947, -122.40750122)","(37.791336, -122.407267)"
@552170.4872886811@4183565.5125267534@37.79797363@-122.40740967@.jpg,"(37.79797363, -122.40740967)","(37.797847, -122.407286)"
@552167.8401718083@4182711.3641498038@37.79027557@-122.40750122@_1.jpg,"(37.79027557, -122.40750122)","(37.790321, -122.407536)"
@552167.8401718083@4182711.3641498038@37.79027557@-122.40750122@_2.jpg,"(37.79027557, -122.40750122)","(37.790355, -122.40727)"
@552167.8401718083@4182711.3641498038@37.79027557@-122.40750122@.jpg,"(37.79027557, -122.40750122)","(37.790327, -122.407492)"
@552191.4357779139@4182804.2069620304@37.79111099@-122.40722656@.jpg,"(37.79111099, -122.40722656)","(37.791331, -122.407313)"
@552168.4248490155@4182619.098462698@37.78944397@-122.40750122@.jpg,"(37.78944397, -122.40750122)","(37.789366, -122.407495)"
@552169.2053013784@4182495.9355512005@37.78833389@-122.40750122@_1.jpg,"(37.78833389, -122.40750122)","(37.788438, -122.40744)"
@552191.4357779139@4182804.2069620304@37.79111099@-122.40722656@_1.jpg,"(37.79111099, -122.40722656)","(37.780749, -122.417024)"
@552169.2053013784@4182495.9355512005@37.78833389@-122.40750122@.jpg,"(37.78833389, -122.40750122)","(37.788429, -122.407527)"
@552182.0606835944@4183435.2235885034@37.79679871@-122.4072876@.jpg,"(37.79679871, -122.4072876)","(37.796841, -122.407321)"
@552192.0234242812@4182711.5174332918@37.79027557@-122.40722656@.jpg,"(37.79027557, -122.40722656)","(37.790371, -122.407135)"
@552192.0234242812@4182711.5174332918@37.79027557@-122.40722656@_1.jpg,"(37.79027557, -122.40722656)","(37.790377, -122.40709)"
@552192.6083725494@4182619.251745035@37.78944397@-122.40722656@.jpg,"(37.78944397, -122.40722656)","(37.78947, -122.406979)"
@552192.0234242812@4182711.5174332918@37.79027557@-122.40722656@_2.jpg,"(37.79027557, -122.40722656)","(37.790377, -122.40709)"
@552192.6083725494@4182619.251745035@37.78944397@-122.40722656@_1.jpg,"(37.78944397, -122.40722656)","(37.789372, -122.407451)"
@552196.795720719@4182488.492324964@37.78826523@-122.40718842@.jpg,"(37.78826523, -122.40718842)","(37.788454, -122.407305)"
@552193.3891867362@4182496.088832@37.78833389@-122.40722656@.jpg,"(37.78833389, -122.40722656)","(37.788492, -122.406994)"
@552209.4463735318@4183247.894684667@37.7951088@-122.40699005@.jpg,"(37.7951088, -122.40699005)","(37.795085, -122.406939)"
@552216.0945741724@4182835.2618314633@37.79138947@-122.40694427@.jpg,"(37.79138947, -122.40694427)","(37.791384, -122.406868)"
@552216.8784829971@4182711.675048999@37.79027557@-122.40694427@.jpg,"(37.79027557, -122.40694427)","(37.790421, -122.406733)"
@552217.4637098564@4182619.4093595594@37.78944397@-122.40694427@_3.jpg,"(37.78944397, -122.40694427)","(37.789445, -122.406913)"
@552217.4637098564@4182619.4093595594@37.78944397@-122.40694427@_2.jpg,"(37.78944397, -122.40694427)","(37.789455, -122.406822)"
@552217.4637098564@4182619.4093595594@37.78944397@-122.40694427@.jpg,"(37.78944397, -122.40694427)","(37.78947, -122.406979)"
@552218.2448959185@4182496.2464449448@37.78833389@-122.40694427@_1.jpg,"(37.78833389, -122.40694427)","(37.78848, -122.406788)"
@552217.4637098564@4182619.4093595594@37.78944397@-122.40694427@_1.jpg,"(37.78944397, -122.40694427)","(37.786932, -122.401186)"
@552218.2448959185@4182496.2464449448@37.78833389@-122.40694427@.jpg,"(37.78833389, -122.40694427)","(37.788339, -122.40675)"
@552217.4637098564@4182619.4093595594@37.78944397@-122.40694427@_4.jpg,"(37.78944397, -122.40694427)","(37.789445, -122.406913)"
@552222.2071617118@4182401.0397330197@37.78747559@-122.40690613@.jpg,"(37.78747559, -122.40690613)","(37.787567, -122.406603)"
@552219.6490183861@4183439.6937836194@37.79683685@-122.40686035@.jpg,"(37.79683685, -122.40686035)","(37.796892, -122.406903)"
@552218.2448959185@4182496.2464449448@37.78833389@-122.40694427@_2.jpg,"(37.78833389, -122.40694427)","(37.788586, -122.406802)"
@552234.256285133@4182407.8876925223@37.78753662@-122.4067688@.jpg,"(37.78753662, -122.4067688)","(37.787647, -122.406578)"
@552240.8647859655@4182742.7257195455@37.79055405@-122.40666962@.jpg,"(37.79055405, -122.40666962)","(37.79045, -122.406513)"
@552220.156770528@4182406.528937776@37.78752518@-122.40692902@.jpg,"(37.78752518, -122.40692902)","(37.787552, -122.406736)"
@552237.625730431@4183358.9666330055@37.79610825@-122.40666199@.jpg,"(37.79610825, -122.40666199)","(37.796019, -122.406692)"
@552241.6463535134@4182619.5627803765@37.78944397@-122.40666962@.jpg,"(37.78944397, -122.40666962)","(37.7894, -122.406958)"
@552339.5267726526@4182651.081869352@37.78972244@-122.40555573@_3.jpg,"(37.78972244, -122.40555573)","(37.789665, -122.405222)"
@552241.7748728016@4182281.8050896376@37.78639984@-122.4066925@_1.jpg,"(37.78639984, -122.4066925)","(37.786425, -122.407971)"
@552241.0608556027@4182711.828470968@37.79027557@-122.40666962@.jpg,"(37.79027557, -122.40666962)","(37.790421, -122.406733)"
@552241.6463535134@4182619.5627803765@37.78944397@-122.40666962@_1.jpg,"(37.78944397, -122.40666962)","(37.789445, -122.406913)"
@552242.4279013863@4182496.3998642224@37.78833389@-122.40666962@.jpg,"(37.78833389, -122.40666962)","(37.788532, -122.406627)"
@552243.0352623409@4182506.562670553@37.78842545@-122.40666199@.jpg,"(37.78842545, -122.40666199)","(37.788536, -122.406638)"
@552241.7748728016@4182281.8050896376@37.78639984@-122.4066925@.jpg,"(37.78639984, -122.4066925)","(37.786552, -122.406989)"
@552265.9159149481@4182711.986234743@37.79027557@-122.40638733@.jpg,"(37.79027557, -122.40638733)","(37.790457, -122.406469)"
@552259.7654730823@4182516.8266949826@37.788517@-122.40647125@.jpg,"(37.788517, -122.40647125)","(37.788556, -122.406449)"
@552268.4928310083@4182411.9140256606@37.78757095@-122.4063797@.jpg,"(37.78757095, -122.4063797)","(37.787607, -122.406164)"
@552257.789843251@4182298.8371934276@37.78655243@-122.4065094@.jpg,"(37.78655243, -122.4065094)","(37.786595, -122.406404)"
@552265.9159149481@4182711.986234743@37.79027557@-122.40638733@_1.jpg,"(37.79027557, -122.40638733)","(37.790484, -122.406248)"
@552267.2644298874@4183346.0333527983@37.79598999@-122.40632629@.jpg,"(37.79598999, -122.40632629)","(37.794216, -122.406738)"
@552265.1312698799@4182835.5730203367@37.79138947@-122.40638733@.jpg,"(37.79138947, -122.40638733)","(37.791449, -122.406337)"
@552266.5016914497@4182619.720542966@37.78944397@-122.40638733@.jpg,"(37.78944397, -122.40638733)","(37.787391, -122.411589)"
@552268.4928310083@4182411.9140256606@37.78757095@-122.4063797@_1.jpg,"(37.78757095, -122.4063797)","(37.787617, -122.406077)"
@552236.3662565579@4182498.901139918@37.78835678@-122.40673828@.jpg,"(37.78835678, -122.40673828)","(37.788444, -122.40678)"
@552270.1536618278@4182573.609028377@37.78902817@-122.40634918@.jpg,"(37.78902817, -122.40634918)","(37.788646, -122.405708)"
@552269.8553609704@4182514.7737455405@37.78849792@-122.40635681@.jpg,"(37.78849792, -122.40635681)","(37.793483, -122.398827)"
@552277.8437795052@4182526.2527350234@37.78860092@-122.40626526@.jpg,"(37.78860092, -122.40626526)","(37.788622, -122.405929)"
@552270.9356529913@4182556.260778184@37.78887177@-122.40634155@.jpg,"(37.78887177, -122.40634155)","(37.788617, -122.405974)"
@552279.4076687887@4183443.4594761357@37.79686737@-122.40618134@.jpg,"(37.79686737, -122.40618134)","(37.797006, -122.406269)"
@552290.6852162107@4182619.874113434@37.78944397@-122.40611267@.jpg,"(37.78944397, -122.40611267)","(37.789562, -122.405979)"
@552289.9029149448@4182743.0370557248@37.79055405@-122.40611267@.jpg,"(37.79055405, -122.40611267)","(37.790507, -122.406071)"
@552302.8390256179@4183455.8832109924@37.796978@-122.40591431@.jpg,"(37.796978, -122.40591431)","(37.797002, -122.406017)"
@552304.7695126941@4183257.8111565835@37.79519272@-122.40590668@.jpg,"(37.79519272, -122.40590668)","(37.795212, -122.405963)"
@552308.7207095032@4182530.2579121646@37.78863525@-122.40591431@.jpg,"(37.78863525, -122.40591431)","(37.788637, -122.405796)"
@552313.6933996038@4182804.982983625@37.79111099@-122.40583801@.jpg,"(37.79111099, -122.40583801)","(37.791394, -122.406466)"
@552313.300709025@4182866.77638376@37.79166794@-122.40583801@.jpg,"(37.79166794, -122.40583801)","(37.79142, -122.406246)"
@552314.2824226477@4182712.2934490317@37.79027557@-122.40583801@.jpg,"(37.79027557, -122.40583801)","(37.786361, -122.408459)"
@552320.942307958@4182404.205221917@37.78749847@-122.40578461@.jpg,"(37.78749847, -122.40578461)","(37.787676, -122.40567)"
@552314.8687412717@4182620.027754948@37.78944397@-122.40583801@.jpg,"(37.78944397, -122.40583801)","(37.789591, -122.405759)"
@552325.57581436@4182309.4255529228@37.78664398@-122.40573883@_1.jpg,"(37.78664398, -122.40573883)","(37.786665, -122.406255)"
@552325.57581436@4182309.4255529228@37.78664398@-122.40573883@.jpg,"(37.78664398, -122.40573883)","(37.786651, -122.40642)"
@552333.0108944628@4182302.277439375@37.78657913@-122.40565491@.jpg,"(37.78657913, -122.40565491)","(37.789705, -122.403803)"
@552338.154422384@4182866.934365014@37.79166794@-122.40555573@.jpg,"(37.79166794, -122.40555573)","(37.791431, -122.406157)"
@552273.4351152615@4183537.8080769633@37.79771805@-122.40624237@.jpg,"(37.79771805, -122.40624237)","(37.797889, -122.406375)"
@552331.1103599499@4182389.8791054785@37.78736877@-122.40567017@.jpg,"(37.78736877, -122.40567017)","(37.787688, -122.405541)"
@552338.3508580573@4182836.0382185727@37.79138947@-122.40555573@.jpg,"(37.79138947, -122.40555573)","(37.791509, -122.405894)"
@552338.940164689@4182743.348678443@37.79055405@-122.40555573@_3.jpg,"(37.79055405, -122.40555573)","(37.79042, -122.405582)"
@552328.0981662464@4183392.131917796@37.79640198@-122.40563202@.jpg,"(37.79640198, -122.40563202)","(37.796157, -122.40563)"
@552338.3508580573@4182836.0382185727@37.79138947@-122.40555573@_1.jpg,"(37.79138947, -122.40555573)","(37.805982, -122.418409)"
@552289.9029149448@4182743.0370557248@37.79055405@-122.40611267@_1.jpg,"(37.79055405, -122.40611267)","(37.790484, -122.406248)"
@552338.940164689@4182743.348678443@37.79055405@-122.40555573@.jpg,"(37.79055405, -122.40555573)","(37.790558, -122.405673)"
@552338.940164689@4182743.348678443@37.79055405@-122.40555573@_1.jpg,"(37.79055405, -122.40555573)","(37.790546, -122.405762)"
@552338.940164689@4182743.348678443@37.79055405@-122.40555573@_2.jpg,"(37.79055405, -122.40555573)","(37.790528, -122.405593)"
@552338.940164689@4182743.348678443@37.79055405@-122.40555573@_4.jpg,"(37.79055405, -122.40555573)","(37.790601, -122.405597)"
@552338.940164689@4182743.348678443@37.79055405@-122.40555573@_7.jpg,"(37.79055405, -122.40555573)","(37.790154, -122.401257)"
@552338.9679791101@4183478.5456119184@37.79718018@-122.40550232@.jpg,"(37.79718018, -122.40550232)","(37.79682, -122.405226)"
@552338.940164689@4182743.348678443@37.79055405@-122.40555573@_6.jpg,"(37.79055405, -122.40555573)","(37.790601, -122.405597)"
@552338.940164689@4182743.348678443@37.79055405@-122.40555573@_5.jpg,"(37.79055405, -122.40555573)","(37.790635, -122.405599)"
@552339.1366024546@4182712.4514282993@37.79027557@-122.40555573@.jpg,"(37.79027557, -122.40555573)","(37.790573, -122.40554)"
@552339.5267726526@4182651.081869352@37.78972244@-122.40555573@_4.jpg,"(37.78972244, -122.40555573)","(37.789654, -122.405311)"
@552361.9468554272@4182928.4577334947@37.79222107@-122.40528107@.jpg,"(37.79222107, -122.40528107)","(37.791549, -122.405497)"
@552339.5267726526@4182651.081869352@37.78972244@-122.40555573@_1.jpg,"(37.78972244, -122.40555573)","(37.789681, -122.405411)"
@552339.5267726526@4182651.081869352@37.78972244@-122.40555573@_2.jpg,"(37.78972244, -122.40555573)","(37.789611, -122.405396)"
@552339.5267726526@4182651.081869352@37.78972244@-122.40555573@.jpg,"(37.78972244, -122.40555573)","(37.789681, -122.405411)"
@552339.5267726526@4182651.081869352@37.78972244@-122.40555573@_5.jpg,"(37.78972244, -122.40555573)","(37.789654, -122.405311)"
@552339.72319966@4182620.185733029@37.78944397@-122.40555573@.jpg,"(37.78944397, -122.40555573)","(37.789576, -122.405388)"
@552339.72319966@4182620.185733029@37.78944397@-122.40555573@_1.jpg,"(37.78944397, -122.40555573)","(37.789539, -122.405381)"
@552339.72319966@4182620.185733029@37.78944397@-122.40555573@_4.jpg,"(37.78944397, -122.40555573)","(37.789611, -122.405396)"
@552347.6995073353@4183267.395352304@37.79527664@-122.4054184@.jpg,"(37.79527664, -122.4054184)","(37.795277, -122.405434)"
@552339.72319966@4182620.185733029@37.78944397@-122.40555573@_6.jpg,"(37.78944397, -122.40555573)","(37.789576, -122.405388)"
@552342.9903675937@4183479.840508976@37.79719162@-122.40545654@.jpg,"(37.79719162, -122.40545654)","(37.797079, -122.40563)"
@552339.72319966@4182620.185733029@37.78944397@-122.40555573@_7.jpg,"(37.78944397, -122.40555573)","(37.78974, -122.403811)"
@552339.72319966@4182620.185733029@37.78944397@-122.40555573@_3.jpg,"(37.78944397, -122.40555573)","(37.789626, -122.405534)"
@552354.9813133221@4182544.9427110585@37.78876495@-122.40538788@.jpg,"(37.78876495, -122.40538788)","(37.788654, -122.40521)"
@552339.72319966@4182620.185733029@37.78944397@-122.40555573@_5.jpg,"(37.78944397, -122.40555573)","(37.789626, -122.405534)"
@552339.72319966@4182620.185733029@37.78944397@-122.40555573@_2.jpg,"(37.78944397, -122.40555573)","(37.789434, -122.405361)"
@552357.8732678979@4183568.8195113884@37.79799271@-122.40528107@.jpg,"(37.79799271, -122.40528107)","(37.798005, -122.405461)"
@552355.2222046435@4183563.3004249246@37.79794312@-122.40531158@.jpg,"(37.79794312, -122.40531158)","(37.798016, -122.405373)"
@552361.9468554272@4182928.4577334947@37.79222107@-122.40528107@_1.jpg,"(37.79222107, -122.40528107)","(37.791531, -122.405723)"
@552361.9468554272@4182928.4577334947@37.79222107@-122.40528107@_2.jpg,"(37.79222107, -122.40528107)","(37.791519, -122.4055)"
@552362.3372231408@4182867.0881536803@37.79166794@-122.40528107@.jpg,"(37.79166794, -122.40528107)","(37.79152, -122.40581)"
@552363.3198570679@4182712.605215033@37.79027557@-122.40528107@.jpg,"(37.79027557, -122.40528107)","(37.790608, -122.405271)"
@552363.7102075601@4182651.235655316@37.78972244@-122.40528107@.jpg,"(37.78972244, -122.40528107)","(37.789676, -122.405132)"
@552367.7530397739@4183388.575073167@37.79636765@-122.40518188@.jpg,"(37.79636765, -122.40518188)","(37.79621, -122.405187)"
@552355.8849863212@4183564.5739578553@37.79795456@-122.40530396@.jpg,"(37.79795456, -122.40530396)","(37.798031, -122.405259)"
@552362.5337495853@4182836.1920068525@37.79138947@-122.40528107@.jpg,"(37.79138947, -122.40528107)","(37.796155, -122.408332)"
@552363.7102075601@4182651.235655316@37.78972244@-122.40528107@_1.jpg,"(37.78972244, -122.40528107)","(37.786213, -122.408027)"
@552377.2128578369@4182429.535438762@37.78772354@-122.40514374@.jpg,"(37.78772354, -122.40514374)","(37.787816, -122.404738)"
@552372.6440814807@4183464.3690728326@37.79705048@-122.40512085@.jpg,"(37.79705048, -122.40512085)","(37.7971, -122.405258)"
@552363.1233285302@4182743.5024655634@37.79055405@-122.40528107@.jpg,"(37.79055405, -122.40528107)","(37.790585, -122.405451)"
@552377.0472173163@4182349.9625747413@37.78700638@-122.40515137@.jpg,"(37.78700638, -122.40515137)","(37.78679, -122.405322)"
@552387.7816801409@4182774.556741775@37.79083252@-122.40499878@.jpg,"(37.79083252, -122.40499878)","(37.790646, -122.404961)"
@552388.1749179849@4182712.763347965@37.79027557@-122.40499878@_1.jpg,"(37.79027557, -122.40499878)","(37.790657, -122.40487)"
@552388.129273406@4183564.3552993117@37.79795074@-122.40493774@.jpg,"(37.79795074, -122.40493774)","(37.798097, -122.404953)"
@552387.9782961534@4182743.660598893@37.79055405@-122.40499878@.jpg,"(37.79055405, -122.40499878)","(37.790646, -122.404961)"
@552388.1749179849@4182712.763347965@37.79027557@-122.40499878@.jpg,"(37.79027557, -122.40499878)","(37.790652, -122.404915)"
@552387.1918175931@4182867.246288601@37.79166794@-122.40499878@.jpg,"(37.79166794, -122.40499878)","(37.791473, -122.405853)"
@552388.5654537797@4182651.39378746@37.78972244@-122.40499878@.jpg,"(37.78972244, -122.40499878)","(37.789707, -122.40491)"
@552388.5654537797@4182651.39378746@37.78972244@-122.40499878@_3.jpg,"(37.78972244, -122.40499878)","(37.789718, -122.404822)"
@552410.0029865641@4183082.8289680826@37.79360962@-122.40472412@.jpg,"(37.79360962, -122.40472412)","(37.7928, -122.401079)"
@552405.2932149365@4182450.8775075423@37.78791428@-122.4048233@.jpg,"(37.78791428, -122.4048233)","(37.787816, -122.404738)"
@552410.7871714194@4182959.665954649@37.79249954@-122.40472412@.jpg,"(37.79249954, -122.40472412)","(37.791548, -122.405541)"
@552388.5654537797@4182651.39378746@37.78972244@-122.40499878@_1.jpg,"(37.78972244, -122.40499878)","(37.789718, -122.404822)"
@552386.997886772@4182897.719719103@37.7919426@-122.40499878@.jpg,"(37.7919426, -122.40499878)","(37.791473, -122.405853)"
@552388.5654537797@4182651.39378746@37.78972244@-122.40499878@_4.jpg,"(37.78972244, -122.40499878)","(37.789695, -122.405)"
@552411.3746189638@4182867.4002213376@37.79166794@-122.40472412@.jpg,"(37.79166794, -122.40472412)","(37.791526, -122.405764)"
@552411.3746189638@4182867.4002213376@37.79166794@-122.40472412@_1.jpg,"(37.79166794, -122.40472412)","(37.791514, -122.405852)"
@552377.2128578369@4182429.535438762@37.78772354@-122.40514374@_1.jpg,"(37.78772354, -122.40514374)","(37.787807, -122.405045)"
@552410.8618812341@4182525.8291501096@37.78858948@-122.40475464@.jpg,"(37.78858948, -122.40475464)","(37.788937, -122.405269)"
@552412.7488893013@4182651.547717491@37.78972244@-122.40472412@.jpg,"(37.78972244, -122.40472412)","(37.789718, -122.404822)"
@552411.3746189638@4182867.4002213376@37.79166794@-122.40472412@_2.jpg,"(37.79166794, -122.40472412)","(37.791455, -122.405983)"
@552429.6786618078@4183474.04348386@37.7971344@-122.40447235@.jpg,"(37.7971344, -122.40447235)","(37.797196, -122.404491)"
@552485.9701282447@4182652.014211335@37.78972244@-122.40389252@_4.jpg,"(37.78972244, -122.40389252)","(37.789863, -122.403712)"
@552433.9883441192@4183113.8791341125@37.79388809@-122.40444946@.jpg,"(37.79388809, -122.40444946)","(37.793156, -122.400536)"
@552414.9035880733@4182524.161721569@37.78857422@-122.40470886@.jpg,"(37.78857422, -122.40470886)","(37.788785, -122.404668)"
@552420.8073288356@4182335.42649018@37.78687286@-122.40465546@.jpg,"(37.78687286, -122.40465546)","(37.789924, -122.400552)"
@552434.8704743965@4182553.493093438@37.78883743@-122.40447998@.jpg,"(37.78883743, -122.40447998)","(37.788786, -122.404633)"
@552434.8704743965@4182553.493093438@37.78883743@-122.40447998@_1.jpg,"(37.78883743, -122.40447998)","(37.788786, -122.404633)"
@552436.3446253692@4182743.968532317@37.79055405@-122.40444946@.jpg,"(37.79055405, -122.40444946)","(37.790713, -122.40443)"
@552414.3270480024@4183564.0993662663@37.79794693@-122.4046402@.jpg,"(37.79794693, -122.4046402)","(37.798149, -122.404773)"
@552388.5654537797@4182651.39378746@37.78972244@-122.40499878@_2.jpg,"(37.78972244, -122.40499878)","(37.789707, -122.40491)"
@552436.735524221@4182682.598967396@37.79000092@-122.40444946@.jpg,"(37.79000092, -122.40444946)","(37.782229, -122.413945)"
@552412.5521791651@4182682.44496593@37.79000092@-122.40472412@.jpg,"(37.79000092, -122.40472412)","(37.789746, -122.404602)"
@552436.735524221@4182682.598967396@37.79000092@-122.40444946@_1.jpg,"(37.79000092, -122.40444946)","(37.789795, -122.404247)"
@552437.4972362346@4182352.04051523@37.78702164@-122.40446472@.jpg,"(37.78702164, -122.40446472)","(37.793104, -122.400937)"
@552438.8220396048@4182355.0114264376@37.78704834@-122.40444946@.jpg,"(37.78704834, -122.40444946)","(37.786862, -122.404952)"
@552443.003689558@4182436.7268864242@37.78778458@-122.40439606@.jpg,"(37.78778458, -122.40439606)","(37.787909, -122.403806)"
@552444.9329017047@4182450.283339886@37.78790665@-122.40437317@.jpg,"(37.78790665, -122.40437317)","(37.788757, -122.404857)"
@552450.5466686416@4183361.590060893@37.79611969@-122.40424347@.jpg,"(37.79611969, -122.40424347)","(37.796336, -122.404213)"
@552456.5044564431@4182532.0447898083@37.78864288@-122.40423584@.jpg,"(37.78864288, -122.40423584)","(37.788842, -122.40422)"
@552459.8231383548@4182959.978311181@37.79249954@-122.40416718@_1.jpg,"(37.79249954, -122.40416718)","(37.791658, -122.404476)"
@552459.8231383548@4182959.978311181@37.79249954@-122.40416718@.jpg,"(37.79249954, -122.40416718)","(37.791641, -122.404187)"
@552460.0200366369@4182929.0821584575@37.79222107@-122.40416718@_1.jpg,"(37.79222107, -122.40416718)","(37.79181, -122.403201)"
@552457.2039766868@4183370.943768055@37.79620361@-122.40416718@.jpg,"(37.79620361, -122.40416718)","(37.79634, -122.404169)"
@552461.1987134572@4182744.1268811277@37.79055405@-122.40416718@.jpg,"(37.79055405, -122.40416718)","(37.785802, -122.413121)"
@552460.0200366369@4182929.0821584575@37.79222107@-122.40416718@.jpg,"(37.79222107, -122.40416718)","(37.791675, -122.40427)"
@552461.5897976063@4182682.7573154164@37.79000092@-122.40416718@.jpg,"(37.79000092, -122.40416718)","(37.789823, -122.404026)"
@552461.001822618@4182775.0230251816@37.79083252@-122.40416718@.jpg,"(37.79083252, -122.40416718)","(37.790752, -122.404216)"
@552461.7866918029@4182651.860066193@37.78972244@-122.40416718@.jpg,"(37.78972244, -122.40416718)","(37.789818, -122.404071)"
@552467.9806238713@4183577.138849509@37.79806137@-122.40402985@.jpg,"(37.79806137, -122.40402985)","(37.798213, -122.403847)"
@552461.5897976063@4182682.7573154164@37.79000092@-122.40416718@_1.jpg,"(37.79000092, -122.40416718)","(37.789823, -122.404026)"
@552469.9744824438@4183369.755853678@37.79619217@-122.40402222@.jpg,"(37.79619217, -122.40402222)","(37.796356, -122.404033)"
@552471.9975472714@4183579.2803572873@37.79808044@-122.40398407@.jpg,"(37.79808044, -122.40398407)","(37.798196, -122.403959)"
@552470.659473743@4183578.4252450992@37.79807281@-122.40399933@.jpg,"(37.79807281, -122.40399933)","(37.798207, -122.40387)"
@552477.8200306733@4182349.757689468@37.78699875@-122.40400696@.jpg,"(37.78699875, -122.40400696)","(37.785325, -122.396375)"
@552483.7235654899@4182583.0097273225@37.78910065@-122.40392303@.jpg,"(37.78910065, -122.40392303)","(37.788923, -122.403563)"
@552484.0056695705@4182960.1324601895@37.79249954@-122.40389252@.jpg,"(37.79249954, -122.40389252)","(37.791685, -122.404183)"
@552484.9879143713@4182806.0733177583@37.79111099@-122.40389252@.jpg,"(37.79111099, -122.40389252)","(37.790789, -122.403995)"
@552484.9879143713@4182806.0733177583@37.79111099@-122.40389252@_1.jpg,"(37.79111099, -122.40389252)","(37.790826, -122.403728)"
@552484.658924426@4182541.536606082@37.78872681@-122.40391541@.jpg,"(37.78872681, -122.40391541)","(37.788903, -122.403731)"
@552470.5867620014@4183484.4620463084@37.79722595@-122.40400696@.jpg,"(37.79722595, -122.40400696)","(37.797236, -122.404183)"
@552484.2026586254@4182929.2363070785@37.79222107@-122.40389252@.jpg,"(37.79222107, -122.40389252)","(37.775493, -122.416711)"
@552484.9879143713@4182806.0733177583@37.79111099@-122.40389252@_2.jpg,"(37.79111099, -122.40389252)","(37.784598, -122.398961)"
@552485.184897224@4182775.17717187@37.79083252@-122.40389252@.jpg,"(37.79083252, -122.40389252)","(37.790761, -122.404015)"
@552484.9879143713@4182806.0733177583@37.79111099@-122.40389252@_3.jpg,"(37.79111099, -122.40389252)","(37.790796, -122.404021)"
@552485.184897224@4182775.17717187@37.79083252@-122.40389252@_2.jpg,"(37.79083252, -122.40389252)","(37.790796, -122.404021)"
@552485.184897224@4182775.17717187@37.79083252@-122.40389252@_1.jpg,"(37.79083252, -122.40389252)","(37.790691, -122.404003)"
@552485.184897224@4182775.17717187@37.79083252@-122.40389252@_3.jpg,"(37.79083252, -122.40389252)","(37.790725, -122.404009)"
@552485.9701282447@4182652.014211335@37.78972244@-122.40389252@_2.jpg,"(37.78972244, -122.40389252)","(37.789863, -122.403712)"
@552485.9701282447@4182652.014211335@37.78972244@-122.40389252@_1.jpg,"(37.78972244, -122.40389252)","(37.789951, -122.403854)"
@552485.3818788326@4182744.281027429@37.79055405@-122.40389252@.jpg,"(37.79055405, -122.40389252)","(37.790691, -122.404003)"
@552485.9701282447@4182652.014211335@37.78972244@-122.40389252@_5.jpg,"(37.78972244, -122.40389252)","(37.78974, -122.403811)"
@552485.9701282447@4182652.014211335@37.78972244@-122.40389252@.jpg,"(37.78972244, -122.40389252)","(37.789864, -122.403659)"
@552485.9701282447@4182652.014211335@37.78972244@-122.40389252@_3.jpg,"(37.78972244, -122.40389252)","(37.789811, -122.403826)"
@552487.6079809321@4182395.108208027@37.78740692@-122.40389252@.jpg,"(37.78740692, -122.40389252)","(37.787741, -122.4035)"
@552489.0514782533@4182379.4573517377@37.78726578@-122.40387726@.jpg,"(37.78726578, -122.40387726)","(37.78975, -122.400776)"
@552509.5545140211@4183272.6592360274@37.79531479@-122.40357971@.jpg,"(37.79531479, -122.40357971)","(37.795657, -122.40356)"
@552509.2541504469@4182898.4986598925@37.7919426@-122.40361023@_1.jpg,"(37.7919426, -122.40361023)","(37.791789, -122.403377)"
@552509.2541504469@4182898.4986598925@37.7919426@-122.40361023@.jpg,"(37.7919426, -122.40361023)","(37.791772, -122.403508)"
@552509.6456125212@4182837.129078275@37.79138947@-122.40361023@_2.jpg,"(37.79138947, -122.40361023)","(37.792634, -122.404404)"
@552509.6456125212@4182837.129078275@37.79138947@-122.40361023@.jpg,"(37.79138947, -122.40361023)","(37.789004, -122.402754)"
@552509.6456125212@4182837.129078275@37.79138947@-122.40361023@_1.jpg,"(37.79138947, -122.40361023)","(37.790902, -122.403146)"
@552509.8426969871@4182806.2318210453@37.79111099@-122.40361023@.jpg,"(37.79111099, -122.40361023)","(37.790831, -122.403685)"
@552509.8426969871@4182806.2318210453@37.79111099@-122.40361023@_1.jpg,"(37.79111099, -122.40361023)","(37.790866, -122.403415)"
@552510.8253760398@4182652.172712635@37.78972244@-122.40361023@_2.jpg,"(37.78972244, -122.40361023)","(37.793511, -122.402877)"
@552509.6456125212@4182837.129078275@37.79138947@-122.40361023@_3.jpg,"(37.79138947, -122.40361023)","(37.791438, -122.405713)"
@552510.8253760398@4182652.172712635@37.78972244@-122.40361023@_1.jpg,"(37.78972244, -122.40361023)","(37.789913, -122.403265)"
@552510.8253760398@4182652.172712635@37.78972244@-122.40361023@_3.jpg,"(37.78972244, -122.40361023)","(37.789903, -122.403353)"
@552510.8253760398@4182652.172712635@37.78972244@-122.40361023@.jpg,"(37.78972244, -122.40361023)","(37.789919, -122.40322)"
@552510.8253760398@4182652.172712635@37.78972244@-122.40361023@_4.jpg,"(37.78972244, -122.40361023)","(37.793705, -122.40359)"
@552514.6330022367@4182476.5455384236@37.78813934@-122.40357971@.jpg,"(37.78813934, -122.40357971)","(37.787921, -122.403586)"
@552518.2850997909@4183483.496959699@37.79721451@-122.40346527@.jpg,"(37.79721451, -122.40346527)","(37.797328, -122.403515)"
@552512.811520136@4182551.450133553@37.78881454@-122.40359497@.jpg,"(37.78881454, -122.40359497)","(37.788926, -122.403654)"
@552518.958279393@4183272.719233796@37.79531479@-122.4034729@.jpg,"(37.79531479, -122.4034729)","(37.795488, -122.403555)"
@552533.7189722969@4183591.102397645@37.79818344@-122.40328217@.jpg,"(37.79818344, -122.40328217)","(37.798317, -122.403045)"
@552528.9789526092@4183386.638884267@37.79634094@-122.40335083@.jpg,"(37.79634094, -122.40335083)","(37.796446, -122.403322)"
@552534.0256814362@4182806.38611219@37.79111099@-122.40333557@.jpg,"(37.79111099, -122.40333557)","(37.791631, -122.394732)"
@552531.6848644682@4183383.693675632@37.79631424@-122.40332031@.jpg,"(37.79631424, -122.40332031)","(37.796429, -122.403457)"
@552521.6257761923@4182433.417905305@37.78775024@-122.40350342@.jpg,"(37.78775024, -122.40350342)","(37.786331, -122.401877)"
@552533.8285061964@4182837.283369809@37.79138947@-122.40333557@_1.jpg,"(37.79138947, -122.40333557)","(37.790967, -122.402616)"
@552533.8285061964@4182837.283369809@37.79138947@-122.40333557@.jpg,"(37.79138947, -122.40333557)","(37.790919, -122.403014)"
@552535.008813095@4182652.327001845@37.78972244@-122.40333557@.jpg,"(37.78972244, -122.40333557)","(37.78792, -122.403717)"
@552534.0256814362@4182806.38611219@37.79111099@-122.40333557@_2.jpg,"(37.79111099, -122.40333557)","(37.790908, -122.403102)"
@552534.0256814362@4182806.38611219@37.79111099@-122.40333557@_1.jpg,"(37.79111099, -122.40333557)","(37.790908, -122.403102)"
@552536.2457852932@4182458.483623916@37.78797531@-122.40333557@.jpg,"(37.78797531, -122.40333557)","(37.788032, -122.403125)"
@552538.388945244@4183280.4613574985@37.79538345@-122.40325165@.jpg,"(37.79538345, -122.40325165)","(37.794162, -122.403529)"
@552581.6837636676@4183022.551766623@37.79305649@-122.40277863@_1.jpg,"(37.79305649, -122.40277863)","(37.792016, -122.40172)"
@552536.4032045433@4183591.5433775154@37.79818726@-122.40325165@.jpg,"(37.79818726, -122.40325165)","(37.798281, -122.403312)"
@552569.150738182@4183407.212203823@37.79652405@-122.40289307@.jpg,"(37.79652405, -122.40289307)","(37.796495, -122.402922)"
@552583.0625692804@4182806.699193137@37.79111099@-122.40277863@_1.jpg,"(37.79111099, -122.40277863)","(37.7928, -122.401079)"
@552581.6837636676@4183022.551766623@37.79305649@-122.40277863@.jpg,"(37.79305649, -122.40277863)","(37.792034, -122.401587)"
@552581.6837636676@4183022.551766623@37.79305649@-122.40277863@_2.jpg,"(37.79305649, -122.40277863)","(37.791983, -122.401867)"
@552581.6837636676@4183022.551766623@37.79305649@-122.40277863@_3.jpg,"(37.79305649, -122.40277863)","(37.792003, -122.401809)"
@552559.1780825516@4183391.0645821993@37.79637909@-122.40300751@.jpg,"(37.79637909, -122.40300751)","(37.796484, -122.403011)"
@552583.8492656166@4182683.5373300533@37.79000092@-122.40277863@.jpg,"(37.79000092, -122.40277863)","(37.790049, -122.402191)"
@552583.0625692804@4182806.699193137@37.79111099@-122.40277863@.jpg,"(37.79111099, -122.40277863)","(37.790962, -122.402564)"
@552606.0635653208@4182991.8101176275@37.79277802@-122.40250397@.jpg,"(37.79277802, -122.40250397)","(37.792009, -122.401764)"
@552593.4600887111@4183492.4417060353@37.7972908@-122.40261078@.jpg,"(37.7972908, -122.40261078)","(37.797422, -122.402718)"
@552607.4429963946@4182775.957551546@37.79083252@-122.40250397@_1.jpg,"(37.79083252, -122.40250397)","(37.790962, -122.402564)"
@552607.4429963946@4182775.957551546@37.79083252@-122.40250397@.jpg,"(37.79083252, -122.40250397)","(37.79098, -122.402428)"
@552607.2455546517@4182806.853699396@37.79111099@-122.40250397@.jpg,"(37.79111099, -122.40250397)","(37.790975, -122.402473)"
@552602.7471263624@4182564.7229815116@37.78892899@-122.40257263@.jpg,"(37.78892899, -122.40257263)","(37.788992, -122.402843)"
@552606.6559162906@4182899.1205429137@37.7919426@-122.40250397@.jpg,"(37.7919426, -122.40250397)","(37.793147, -122.401136)"
@552606.8506603352@4182868.64710894@37.79166794@-122.40250397@.jpg,"(37.79166794, -122.40250397)","(37.791916, -122.402404)"
@552607.4429963946@4182775.957551546@37.79083252@-122.40250397@_2.jpg,"(37.79083252, -122.40250397)","(37.791096, -122.401533)"
@552608.2300566861@4182652.7945831893@37.78972244@-122.40250397@_1.jpg,"(37.78972244, -122.40250397)","(37.790038, -122.402282)"
@552607.4429963946@4182775.957551546@37.79083252@-122.40250397@_3.jpg,"(37.79083252, -122.40250397)","(37.791005, -122.402249)"
@552608.2300566861@4182652.7945831893@37.78972244@-122.40250397@.jpg,"(37.78972244, -122.40250397)","(37.793114, -122.402794)"
@552608.0667037796@4182573.22166375@37.78900528@-122.4025116@.jpg,"(37.78900528, -122.4025116)","(37.789037, -122.402662)"
@552729.5032027029@4182807.6358968937@37.79111099@-122.40111542@_1.jpg,"(37.79111099, -122.40111542)","(37.791094, -122.401538)"
@552608.2300566861@4182652.7945831893@37.78972244@-122.40250397@_2.jpg,"(37.78972244, -122.40250397)","(37.790015, -122.40246)"
@552631.3128818724@4182930.175570578@37.79222107@-122.40222168@.jpg,"(37.79222107, -122.40222168)","(37.792902, -122.402345)"
@552611.389567663@4182473.778066595@37.78810883@-122.40248108@.jpg,"(37.78810883, -122.40248108)","(37.780832, -122.408808)"
@552632.2978738808@4182776.1164235948@37.79083252@-122.40222168@.jpg,"(37.79083252, -122.40222168)","(37.791033, -122.402024)"
@552630.5254050769@4183053.338592326@37.79333115@-122.40222168@.jpg,"(37.79333115, -122.40222168)","(37.792003, -122.401809)"
@552633.0853060603@4182652.9534536456@37.78972244@-122.40222168@.jpg,"(37.78972244, -122.40222168)","(37.791242, -122.400742)"
@552633.0853060603@4182652.9534536456@37.78972244@-122.40222168@_1.jpg,"(37.78972244, -122.40222168)","(37.792839, -122.402804)"
@552631.5104218795@4182899.2794165546@37.7919426@-122.40222168@.jpg,"(37.7919426, -122.40222168)","(37.792065, -122.401233)"
@552633.0853060603@4182652.9534536456@37.78972244@-122.40222168@_2.jpg,"(37.78972244, -122.40222168)","(37.781838, -122.413865)"
@552631.3128818724@4182930.175570578@37.79222107@-122.40222168@_1.jpg,"(37.79222107, -122.40222168)","(37.7922, -122.400959)"
@552637.0688226743@4183605.7307899334@37.79830933@-122.40210724@.jpg,"(37.79830933, -122.40210724)","(37.798407, -122.402129)"
@552655.2978739832@4182961.2263783175@37.79249954@-122.40194702@.jpg,"(37.79249954, -122.40194702)","(37.79288, -122.40249)"
@552633.0853060603@4182652.9534536456@37.78972244@-122.40222168@_3.jpg,"(37.78972244, -122.40222168)","(37.796687, -122.401404)"
@552656.4809506369@4182776.271073533@37.79083252@-122.40194702@.jpg,"(37.79083252, -122.40194702)","(37.791035, -122.402026)"
@552633.0853060603@4182652.9534536456@37.78972244@-122.40222168@_4.jpg,"(37.78972244, -122.40222168)","(37.790083, -122.401925)"
@552656.4809506369@4182776.271073533@37.79083252@-122.40194702@_1.jpg,"(37.79083252, -122.40194702)","(37.791061, -122.401804)"
@552660.3826251965@4183531.386310846@37.79763794@-122.40184784@.jpg,"(37.79763794, -122.40184784)","(37.797536, -122.402046)"
@552657.2687446526@4182653.108102034@37.78972244@-122.40194702@.jpg,"(37.78972244, -122.40194702)","(37.790088, -122.40188)"
@552696.1010764838@4183617.9595927885@37.79841614@-122.40143585@.jpg,"(37.79841614, -122.40143585)","(37.798492, -122.401404)"
@552661.2937916076@4182549.013358374@37.78878403@-122.40190887@.jpg,"(37.78878403, -122.40190887)","(37.789058, -122.401984)"
@552705.7158342726@4182745.688734043@37.79055405@-122.40139008@.jpg,"(37.79055405, -122.40139008)","(37.791096, -122.401533)"
@552704.7294780818@4182899.747879679@37.7919426@-122.40139008@_1.jpg,"(37.7919426, -122.40139008)","(37.792056, -122.401457)"
@552671.9611162506@4183401.5207047085@37.79646683@-122.40172577@.jpg,"(37.79646683, -122.40172577)","(37.796619, -122.401942)"
@552746.9702963034@4183541.252083349@37.79772186@-122.40086365@.jpg,"(37.79772186, -122.40086365)","(37.797668, -122.400867)"
@552705.9136487412@4182714.7914780155@37.79027557@-122.40139008@.jpg,"(37.79027557, -122.40139008)","(37.790147, -122.401302)"
@552729.5032027029@4182807.6358968937@37.79111099@-122.40111542@.jpg,"(37.79111099, -122.40111542)","(37.790975, -122.402473)"
@552729.8990027205@4182745.843598706@37.79055405@-122.40111542@.jpg,"(37.79055405, -122.40111542)","(37.790166, -122.401168)"
@553022.9347835635@4182932.6887983084@37.79222107@-122.39777374@.jpg,"(37.79222107, -122.39777374)","(37.792332, -122.398563)"
@552730.0969079613@4182714.946342289@37.79027557@-122.40111542@.jpg,"(37.79027557, -122.40111542)","(37.790179, -122.40108)"
@552753.9619897703@4182869.588552779@37.79166794@-122.40083313@.jpg,"(37.79166794, -122.40083313)","(37.792103, -122.401104)"
@552754.3579884821@4182807.7951385034@37.79111099@-122.40083313@.jpg,"(37.79111099, -122.40083313)","(37.791188, -122.400777)"
@552704.7294780818@4182899.747879679@37.7919426@-122.40139008@.jpg,"(37.7919426, -122.40139008)","(37.79204, -122.400957)"
@552754.7539750827@4182746.002839515@37.79055405@-122.40083313@.jpg,"(37.79055405, -122.40083313)","(37.790193, -122.400992)"
@552764.4357994521@4183436.3968018685@37.79677582@-122.40067291@.jpg,"(37.79677582, -122.40067291)","(37.796762, -122.400831)"
@552754.3579884821@4182807.7951385034@37.79111099@-122.40083313@_1.jpg,"(37.79111099, -122.40083313)","(37.791061, -122.400705)"
@552754.3579884821@4182807.7951385034@37.79111099@-122.40083313@_2.jpg,"(37.79111099, -122.40083313)","(37.791452, -122.399643)"
@552778.5409760062@4182807.9501480153@37.79111099@-122.40055847@.jpg,"(37.79111099, -122.40055847)","(37.791266, -122.400804)"
@552666.6232034208@4183395.984322399@37.79641724@-122.4017868@.jpg,"(37.79641724, -122.4017868)","(37.796619, -122.401847)"
@552753.9619897703@4182869.588552779@37.79166794@-122.40083313@_1.jpg,"(37.79166794, -122.40083313)","(37.7922, -122.400959)"
@552776.4420047256@4182506.5784470188@37.78839493@-122.40060425@.jpg,"(37.78839493, -122.40060425)","(37.7895, -122.406465)"
@552778.5409760062@4182807.9501480153@37.79111099@-122.40055847@_1.jpg,"(37.79111099, -122.40055847)","(37.791242, -122.400742)"
@552778.7390607018@4182777.0539974067@37.79083252@-122.40055847@.jpg,"(37.79083252, -122.40055847)","(37.791276, -122.400748)"
@552800.0699474069@4183326.578610787@37.795784@-122.40027618@.jpg,"(37.795784, -122.40027618)","(37.79582, -122.400871)"
@552778.5409760062@4182807.9501480153@37.79111099@-122.40055847@_2.jpg,"(37.79111099, -122.40055847)","(37.793076, -122.40112)"
@552779.3305971675@4182684.7882723925@37.79000092@-122.40055847@.jpg,"(37.79000092, -122.40055847)","(37.789906, -122.400508)"
@552803.1975760655@4182839.006799648@37.79138947@-122.40027618@.jpg,"(37.79138947, -122.40027618)","(37.791349, -122.400763)"
@552803.3957624212@4182808.1095376955@37.79111099@-122.40027618@.jpg,"(37.79111099, -122.40027618)","(37.788136, -122.409838)"
@552803.3957624212@4182808.1095376955@37.79111099@-122.40027618@_2.jpg,"(37.79111099, -122.40027618)","(37.791276, -122.399922)"
@552803.3957624212@4182808.1095376955@37.79111099@-122.40027618@_1.jpg,"(37.79111099, -122.40027618)","(37.791258, -122.400193)"
@552803.3957624212@4182808.1095376955@37.79111099@-122.40027618@_3.jpg,"(37.79111099, -122.40027618)","(37.791134, -122.400722)"
@552803.7921171447@4182746.3172371257@37.79055405@-122.40027618@.jpg,"(37.79055405, -122.40027618)","(37.790267, -122.400456)"
@552803.7921171447@4182746.3172371257@37.79055405@-122.40027618@_1.jpg,"(37.79055405, -122.40027618)","(37.79015, -122.400357)"
@552803.7921171447@4182746.3172371257@37.79055405@-122.40027618@_2.jpg,"(37.79055405, -122.40027618)","(37.790442, -122.400006)"
@552803.9902997458@4182715.419979517@37.79027557@-122.40027618@_2.jpg,"(37.79027557, -122.40027618)","(37.790228, -122.400264)"
@552803.7921171447@4182746.3172371257@37.79055405@-122.40027618@_4.jpg,"(37.79055405, -122.40027618)","(37.790213, -122.40086)"
@552803.7921171447@4182746.3172371257@37.79055405@-122.40027618@_3.jpg,"(37.79055405, -122.40027618)","(37.79015, -122.400357)"
@552803.9902997458@4182715.419979517@37.79027557@-122.40027618@_3.jpg,"(37.79027557, -122.40027618)","(37.789069, -122.40218)"
@552803.9902997458@4182715.419979517@37.79027557@-122.40027618@_5.jpg,"(37.79027557, -122.40027618)","(37.78995, -122.400612)"
@552804.1857554698@4182684.947660474@37.79000092@-122.40027618@_1.jpg,"(37.79000092, -122.40027618)","(37.790815, -122.403818)"
@552803.9902997458@4182715.419979517@37.79027557@-122.40027618@.jpg,"(37.79027557, -122.40027618)","(37.793006, -122.401104)"
@552803.9902997458@4182715.419979517@37.79027557@-122.40027618@_6.jpg,"(37.79027557, -122.40027618)","(37.790324, -122.400235)"
@552803.9902997458@4182715.419979517@37.79027557@-122.40027618@_4.jpg,"(37.79027557, -122.40027618)","(37.790403, -122.400575)"
@552827.5778700969@4182808.264685626@37.79111099@-122.40000153@.jpg,"(37.79111099, -122.40000153)","(37.788957, -122.401949)"
@552827.5778700969@4182808.264685626@37.79111099@-122.40000153@_1.jpg,"(37.79111099, -122.40000153)","(37.791108, -122.401443)"
@552827.7761388513@4182777.368534228@37.79083252@-122.40000153@.jpg,"(37.79083252, -122.40000153)","(37.790305, -122.400323)"
@552827.7761388513@4182777.368534228@37.79083252@-122.40000153@_1.jpg,"(37.79083252, -122.40000153)","(37.790305, -122.400323)"
@552828.5664958513@4182654.2055517277@37.78972244@-122.40000153@.jpg,"(37.78972244, -122.40000153)","(37.790009, -122.40038)"
@552840.4179938984@4183319.642155498@37.79571915@-122.39981842@.jpg,"(37.79571915, -122.39981842)","(37.795835, -122.400736)"
@552804.1857554698@4182684.947660474@37.79000092@-122.40027618@.jpg,"(37.79000092, -122.40027618)","(37.789933, -122.400476)"
@552803.9902997458@4182715.419979517@37.79027557@-122.40027618@_1.jpg,"(37.79027557, -122.40027618)","(37.790073, -122.400453)"
@552804.1857554698@4182684.947660474@37.79000092@-122.40027618@_2.jpg,"(37.79000092, -122.40027618)","(37.790125, -122.400294)"
@552852.6310191922@4182777.5280715763@37.79083252@-122.39971924@_1.jpg,"(37.79083252, -122.39971924)","(37.790313, -122.400278)"
@552877.0125502904@4182746.7872180897@37.79055405@-122.39944458@.jpg,"(37.79055405, -122.39944458)","(37.791285, -122.399502)"
@552852.6310191922@4182777.5280715763@37.79083252@-122.39971924@.jpg,"(37.79083252, -122.39971924)","(37.790558, -122.399853)"
@552901.4704335966@4182808.7392068435@37.79111099@-122.39916229@.jpg,"(37.79111099, -122.39916229)","(37.792446, -122.395637)"
@552901.2718791047@4182839.6364703784@37.79138947@-122.39916229@.jpg,"(37.79138947, -122.39916229)","(37.790851, -122.39957)"
@552901.2718791047@4182839.6364703784@37.79138947@-122.39916229@_1.jpg,"(37.79138947, -122.39916229)","(37.791101, -122.399579)"
@552901.2718791047@4182839.6364703784@37.79138947@-122.39916229@_2.jpg,"(37.79138947, -122.39916229)","(37.790759, -122.399599)"
@552925.4547777151@4182839.791912486@37.79138947@-122.39888763@.jpg,"(37.79138947, -122.39888763)","(37.79117, -122.399096)"
@552925.4547777151@4182839.791912486@37.79138947@-122.39888763@_1.jpg,"(37.79138947, -122.39888763)","(37.791143, -122.399127)"
@552925.4547777151@4182839.791912486@37.79138947@-122.39888763@_3.jpg,"(37.79138947, -122.39888763)","(37.79117, -122.399096)"
@552925.4547777151@4182839.791912486@37.79138947@-122.39888763@_5.jpg,"(37.79138947, -122.39888763)","(37.791012, -122.399279)"
@552926.0506954843@4182747.102344043@37.79055405@-122.39888763@.jpg,"(37.79055405, -122.39888763)","(37.791116, -122.399158)"
@552925.85205986@4182777.9984955788@37.79083252@-122.39888763@.jpg,"(37.79083252, -122.39888763)","(37.791143, -122.399127)"
@552926.0506954843@4182747.102344043@37.79055405@-122.39888763@_1.jpg,"(37.79055405, -122.39888763)","(37.791115, -122.399264)"
@552925.4547777151@4182839.791912486@37.79138947@-122.39888763@_6.jpg,"(37.79138947, -122.39888763)","(37.791167, -122.399332)"
@552925.4547777151@4182839.791912486@37.79138947@-122.39888763@_2.jpg,"(37.79138947, -122.39888763)","(37.791116, -122.399158)"
@552950.7060610048@4182778.158323406@37.79083252@-122.39860535@.jpg,"(37.79083252, -122.39860535)","(37.791273, -122.399966)"
@552950.7060610048@4182778.158323406@37.79083252@-122.39860535@_1.jpg,"(37.79083252, -122.39860535)","(37.791285, -122.399502)"
@552950.7060610048@4182778.158323406@37.79083252@-122.39860535@_2.jpg,"(37.79083252, -122.39860535)","(37.791311, -122.399616)"
@552950.7060610048@4182778.158323406@37.79083252@-122.39860535@_3.jpg,"(37.79083252, -122.39860535)","(37.791208, -122.399599)"
@552974.4914915101@4182840.1073272927@37.79138947@-122.39833069@.jpg,"(37.79138947, -122.39833069)","(37.791437, -122.398765)"
@552974.4914915101@4182840.1073272927@37.79138947@-122.39833069@_1.jpg,"(37.79138947, -122.39833069)","(37.791389, -122.398829)"
@552926.2493369874@4182716.20508446@37.79027557@-122.39888763@.jpg,"(37.79027557, -122.39888763)","(37.791116, -122.399158)"
@552925.4547777151@4182839.791912486@37.79138947@-122.39888763@_4.jpg,"(37.79138947, -122.39888763)","(37.791115, -122.399264)"
@552974.8891417804@4182778.313908798@37.79083252@-122.39833069@.jpg,"(37.79083252, -122.39833069)","(37.791265, -122.399465)"
@552975.0879614624@4182747.4177564695@37.79055405@-122.39833069@.jpg,"(37.79055405, -122.39833069)","(37.791276, -122.39961)"
@552975.2867870287@4182716.520496093@37.79027557@-122.39833069@.jpg,"(37.79027557, -122.39833069)","(37.7909, -122.399043)"
@552975.0879614624@4182747.4177564695@37.79055405@-122.39833069@_1.jpg,"(37.79055405, -122.39833069)","(37.791594, -122.399667)"
@553022.3377388493@4183025.3783975164@37.79305649@-122.39777374@_1.jpg,"(37.79305649, -122.39777374)","(37.791871, -122.398446)"
@553022.3377388493@4183025.3783975164@37.79305649@-122.39777374@.jpg,"(37.79305649, -122.39777374)","(37.792393, -122.397519)"
@553023.330079515@4182871.319197365@37.79166794@-122.39777374@.jpg,"(37.79166794, -122.39777374)","(37.791196, -122.399066)"
@553023.330079515@4182871.319197365@37.79166794@-122.39777374@_2.jpg,"(37.79166794, -122.39777374)","(37.792298, -122.398554)"
@553023.330079515@4182871.319197365@37.79166794@-122.39777374@_1.jpg,"(37.79166794, -122.39777374)","(37.791822, -122.39836)"
@553046.5200956092@4183025.5342011536@37.79305649@-122.39749908@_1.jpg,"(37.79305649, -122.39749908)","(37.792597, -122.397324)"
@553023.330079515@4182871.319197365@37.79166794@-122.39777374@_3.jpg,"(37.79166794, -122.39777374)","(37.791838, -122.398423)"
@553046.5200956092@4183025.5342011536@37.79305649@-122.39749908@.jpg,"(37.79305649, -122.39749908)","(37.792597, -122.397324)"
@553023.330079515@4182871.319197365@37.79166794@-122.39777374@_4.jpg,"(37.79166794, -122.39777374)","(37.791629, -122.398498)"
@553047.1174126479@4182932.8446007688@37.79222107@-122.39749908@.jpg,"(37.79222107, -122.39749908)","(37.792194, -122.397787)"
@553047.3165134297@4182901.948440037@37.7919426@-122.39749908@_1.jpg,"(37.7919426, -122.39749908)","(37.79191, -122.398444)"
@553047.3165134297@4182901.948440037@37.7919426@-122.39749908@.jpg,"(37.7919426, -122.39749908)","(37.791919, -122.398143)"
@553360.1797938136@4183240.459715731@37.79497528@-122.3939209@.jpg,"(37.79497528, -122.3939209)","(37.795253, -122.39393)"
@553352.7034827649@4183253.955457919@37.79509735@-122.39400482@.jpg,"(37.79509735, -122.39400482)","(37.795282, -122.393956)"
@553359.9657728473@4183273.472818957@37.79527283@-122.3939209@.jpg,"(37.79527283, -122.3939209)","(37.794911, -122.393615)"
@553470.3723384518@4183132.8211476533@37.79399872@-122.39267731@.jpg,"(37.79399872, -122.39267731)","(37.781784, -122.394616)"
@553412.0797204609@4183213.28518809@37.79472733@-122.39333344@.jpg,"(37.79472733, -122.39333344)","(37.795549, -122.39415)"
@553481.6348429403@4183157.020250396@37.79421616@-122.39254761@.jpg,"(37.79421616, -122.39254761)","(37.794366, -122.393052)"
@553415.5621551669@4183194.2602391406@37.79455566@-122.39329529@.jpg,"(37.79455566, -122.39329529)","(37.794689, -122.393342)"
